"HomeTeam","AwayTeam","HomeWin","AwayWin","Draw","GameID","AwayWinOT","HomeWinOT"
"New Jersey Devils","Buffalo Sabres",0.515514826006378,0.292305670971509,0.192179503022113,2024020002,0.0893320411366478,0.102847461885466
