"HomeTeam","AwayTeam","HomeWin","AwayWin","Draw","GameID","AwayWinOT","HomeWinOT"
"Winnipeg Jets","Pittsburgh Penguins",0.472978551641138,0.288874587464954,0.238146860893908,2024020088,0.112123087517656,0.126023773376252
"San Jose Sharks","Colorado Avalanche",0.15788994061242,0.679698866891749,0.162411192495832,2024020089,0.100689363267077,0.0617218292287549
"Anaheim Ducks","Los Angeles Kings",0.222701734824233,0.557696204283058,0.219602060892709,2024020090,0.128807048136781,0.0907950127559276
