"HomeTeam","AwayTeam","HomeWin","AwayWin","Draw","GameID","AwayWinOT","HomeWinOT"
"Toronto Maple Leafs","Washington Capitals",0.453830247230881,0.311575767068186,0.234593985700933,2024020419,0.112708340310629,0.121885645390304
"New Jersey Devils","Seattle Kraken",0.453830247230881,0.311575767068186,0.234593985700933,2024020420,0.112708340310629,0.121885645390304
"New York Rangers","Pittsburgh Penguins",0.453830247230881,0.311575767068186,0.234593985700933,2024020421,0.112708340310629,0.121885645390304
"Vancouver Canucks","Columbus Blue Jackets",0.453830247230881,0.311575767068186,0.234593985700933,2024020422,0.112708340310629,0.121885645390304
"Vegas Golden Knights","Dallas Stars",0.453830247230881,0.311575767068186,0.234593985700933,2024020423,0.112708340310629,0.121885645390304
"Anaheim Ducks","Minnesota Wild",0.453830247230881,0.311575767068186,0.234593985700933,2024020424,0.112708340310629,0.121885645390304
