"HomeTeam","AwayTeam","HomeWin","AwayWin","Draw","GameID","AwayWinOT","HomeWinOT"
"Buffalo Sabres","New Jersey Devils",0.34963264067769,0.450829226037261,0.199538133285048,2024020001,0.106614805609865,0.0929233276751837
