"HomeTeam","AwayTeam","HomeWin","AwayWin","Draw","GameID","AwayWinOT","HomeWinOT"
"Vancouver Canucks","Calgary Flames",0.470050983036672,0.30206875755393,0.227880259409397,2024020009,0.108236499300265,0.119643760109133
"Vegas Golden Knights","Colorado Avalanche",0.394634339535313,0.380363329362053,0.225002331102635,2024020010,0.114598983739127,0.110403347363508
"Edmonton Oilers","Winnipeg Jets",0.466134114952171,0.299839478248647,0.234026406799182,2024020008,0.111174209791253,0.122852197007929
"Montreal Canadiens","Toronto Maple Leafs",0.259077531159655,0.53685590086174,0.204066567978606,2024020006,0.116869327588974,0.0871972403896315
"Pittsburgh Penguins","New York Rangers",0.325481989884612,0.436052211115421,0.238465798999967,2024020007,0.128186329363678,0.110279469636288
